{
  "version": 1,
  "author": "Anonymous maker",
  "editor": "wokwi",
  "parts": [
    { "type": "wokwi-arduino-uno", "id": "uno", "top": 77.4, "left": -58.2, "attrs": {} },
    { "type": "wokwi-led", "id": "led1", "top": -13.2, "left": 23, "attrs": { "color": "red" } },
    { "type": "wokwi-led", "id": "led2", "top": -3.6, "left": 42.2, "attrs": { "color": "red" } },
    { "type": "wokwi-led", "id": "led3", "top": -13.2, "left": 61.4, "attrs": { "color": "red" } },
    { "type": "wokwi-led", "id": "led4", "top": -3.6, "left": 80.6, "attrs": { "color": "red" } }
  ],
  "connections": [
    [ "led3:A", "uno:8", "green", [ "v28.8", "h9.6" ] ],
    [ "led4:A", "uno:7", "green", [ "v9.6", "h19.2" ] ],
    [ "led2:A", "uno:12", "green", [ "v28.8", "h28.8" ] ],
    [ "led1:A", "uno:13", "green", [ "v28.8", "h38.4", "v19.2" ] ],
    [ "led1:C", "uno:GND.1", "green", [ "v48", "h38.8" ] ],
    [ "led2:C", "uno:GND.1", "green", [ "v38.4", "h19.6" ] ],
    [ "led3:C", "uno:GND.1", "green", [ "v0" ] ],
    [ "led4:C", "uno:GND.1", "green", [ "v28.8", "h-38" ] ]
  ],
  "dependencies": {}
}